"Question","Answer"
"What is the SmartGaon project?","A rural development initiative that uses a mobile app and digital technology to transform Indian villages."
"Where is the SmartGaon Development Foundation headquartered?","Mumbai, India."
"What is the meaning of SmartGaon?","It combines the English acronym SMART with the Hindi word Gaon, meaning village."
"What is the main objective of the SmartGaon project?","To improve the quality of life for villagers and farmers by providing urban-style amenities and opportunities."
"What is the project's inspiration?","It was inspired by Prime Minister Narendra Modi's brain gain speech urging expatriates to contribute to India."
"What is the SmartGaon project's overall goal?","To create digitally empowered, economically prosperous, and sustainable villages across India."
"Is the SmartGaon Development Foundation a for-profit or non-profit?","It is a non-governmental organization (NGO)."

"What is the SmartGaon App?","The main mobile application of the SmartGaon Development Foundation."
"What are key features of the SmartGaon app?","Phone directory, news/events, helpline, Gram Mart marketplace, governance support, online learning, and online doctor."
"What is the Gram Mart feature?","An online marketplace allowing farmers to sell produce directly for fair prices."
"In which languages is the SmartGaon app available?","Hindi and English."
"How does the app support village governance?","It helps track village development and government schemes."
"How does the app help with education?","It provides features for online digital learning."
"Can the app be used for health-related queries?","Yes, it includes an online Doctor feature."
"How does the app support community communication?","It provides news updates, phone directory, and local information."
"How does the app spread awareness of government schemes?","By sharing information on government policies and welfare programs."
"What kind of surveys does the app support?","Needs assessment and impact surveys."

"What was the first SmartGaon village?","Taudhakpur in Raebareli, Uttar Pradesh."
"When did the Taudhakpur project happen?","In mid-2018."
"Who executed the Taudhakpur project?","Founders Rajnish Bajpai & Yogesh Sahu along with local government and village panchayat."
"What infrastructure was installed in Taudhakpur?","Digital PA systems, Wi-Fi, CCTV, and smart farming facilities."
"How are villages selected for SmartGaon?","Villages are chosen based on development potential and willingness to participate."
"How long does the village transformation take?","Approximately 6 to 8 months."
"Does SmartGaon work alone or with partners?","It collaborates with government bodies, organizations, and villagers."
"What is the Adapt a Village program?","A program allowing sponsors to support and monitor village development."
"How does SmartGaon ensure sustainability?","By community involvement and creating self-sustaining digital infrastructure."
"What is the role of local civic bodies?","They assist planning and implementation from the beginning."

"What is the Smart Village School Development program?","A program that improves village schools with digital education facilities."
"Does SmartGaon have a mentor program?","Yes, it connects students with global professionals."
"What skills does the mentor program focus on?","21st-century skills such as communication, coding, and digital awareness."
"What is the Smart Skills Development for Farmers program?","A program teaching farmers modern farming techniques and government schemes."
"Does SmartGaon have a coding initiative?","Yes, it partners with coding platforms for rural children's education."
"What is the IBM SkillsBuild partnership?","A collaboration offering online courses, mentorship, and practical training."
"Does SmartGaon promote environmental sustainability?","Yes, through initiatives like reusable bags and green awareness."
"How does SmartGaon support community infrastructure?","By helping establish public libraries, gyms, and yoga centers."
"What support do farmers receive regarding agricultural experts?","Farmers can access expert advisory support through the platform."
"What is the Mental Wellness Program?","A mental wellness awareness and guidance program with IBM SkillsBuild."

"Which government missions does SmartGaon align with?","Digital India, Swachh Bharat, Make in India, and Skill India."
"Who recognized SmartGaon publicly?","Prime Minister Narendra Modi."
"When did PM Modi mention SmartGaon?","In July 2018 during Mann Ki Baat."
"Does SmartGaon collaborate with the Ministry of Environment?","Yes, it supports environmental awareness and sustainability."
"What is SmartGaon's approach to government schemes?","It aligns village development with existing government policies."
"What political recognition has SmartGaon received?","It has been positively acknowledged by national-level leaders."
"Does SmartGaon raise awareness of social security schemes?","Yes, including schemes like MGNREGA and Jan-Dhan Yojana."
"How does SmartGaon contribute to Digital India?","By enabling villages to adopt digital platforms and internet services."
"How does SmartGaon support Swachh Bharat Mission?","By running sanitation and cleanliness awareness activities."
"How does SmartGaon assist local governance?","By enabling Smart Panchayat digital governance."

"What digital infrastructure does SmartGaon set up?","Wi-Fi zones, computer labs, and community digital centers."
"What monitoring technology is used?","CCTV cameras for village security."
"What communication technology is installed?","Digital public address systems for announcements."
"How does SmartGaon support smart agriculture?","Using IoT, weather data, and smart irrigation systems."
"How does SmartGaon utilize AI and ML?","Exploring crop monitoring and yield prediction."
"How is internet provided?","By setting up Wi-Fi and broadband access points."
"What technology monitors crop health?","AI and IoT-enabled monitoring tools."
"Does SmartGaon address cybersecurity?","Yes, cybersecurity experts are involved to secure systems."
"What expertise do the founders bring?","They are technology professionals with software and management backgrounds."
"How does SmartGaon improve physical infrastructure?","By improving roads, drainage, and public utility spaces."

"How does SmartGaon economically empower farmers?","By enabling direct sales and eliminating middlemen via Gram Mart."
"How does SmartGaon improve social well-being?","By providing modern facilities and community engagement tools."
"What is the impact on rural youth?","Youth gain digital skills and career mentorship."
"How does SmartGaon address brain drain?","By creating opportunities in villages to reduce migration to cities."
"How does SmartGaon improve rural education?","Through digital classrooms and mentoring programs."
"How does SmartGaon affect farmer income?","By improving market access and fair pricing."
"What is SmartGaon's impact on community unity?","It promotes communication and collective development."
"How does SmartGaon improve hygiene and sanitation?","Through awareness drives and improved sanitation systems."
"How does SmartGaon measure social impact?","Through surveys and analytics provided in the app."
"How does the project empower community participation?","By enabling villagers to raise issues and contribute to solutions."

"What were early challenges?","Educating villagers and aligning with government policies."
"How were challenges overcome?","By involving community and civic bodies directly."
"In which states has SmartGaon expanded?","Chhattisgarh, Maharashtra, and others."
"How was the response to the Taudhakpur pilot?","It was highly positive from villagers and administrators."
"What is SmartGaon's approach to scaling the model?","Select suitable villages, engage locals, apply best practices."
"What are the future expansion plans?","To transform more villages nationwide."
"How does SmartGaon handle funding?","It accepts non-profit, tax-exempt donations."
"What external support does SmartGaon seek?","Support from corporates, citizens, and NRIs."
"How does SmartGaon engage volunteers?","Through a structured volunteer registration system."
"How does SmartGaon improve digital literacy?","By providing digital training and app access in local languages."

"What motivated the founders?","To use technology for social development in rural India."
"What is SmartGaon's philosophy?","Villagers should live fulfilling lives without needing migration."
"How does SmartGaon address the digital divide?","By providing internet access and digital education in villages."
"Why is local language important for the app?","It ensures accessibility and ease of understanding."
"How does SmartGaon build community ownership?","By involving villagers in the planning and execution."
"What is the role of technology according to SmartGaon?","Technology can solve major rural development challenges."
"How does SmartGaon improve poor education facilities?","By enabling digital learning and mentorship."
"How does SmartGaon support lifelong learning?","Through skill-building programs like IBM SkillsBuild."
"How does SmartGaon ensure platform effectiveness?","By awareness campaigns and training initiatives."
"What is the long-term vision for SmartGaon?","To transform villages across India to be empowered and self-sustaining."
